{
  "timestamp": 1767364704,
  "value": 867,
  "items": [
    0.23538525087666273,
    0.42342054197252343,
    0.6451676903313186,
    0.09157632743585009,
    0.2912856968680462
  ]
}